-- Seed data from Screenshot #1 (Russian values preserved)
SET search_path = spj, public;

-- Suppliers (S)
INSERT INTO suppliers (supplier_no, last_name, status, city) VALUES
('S1','Смит',  20,'Лондон'),
('S2','Джонс', 10,'Париж'),
('S3','Блейк', 30,'Париж'),
('S4','Кларк', 20,'Лондон'),
('S5','Адамс', 30,'Афины');

-- Parts (P)
INSERT INTO parts (part_no, name, color, weight, city) VALUES
('P1','Гайка','Красный', 12,'Лондон'),
('P2','Болт', 'Зелёный', 17,'Париж'),
('P3','Винт', 'Голубой', 17,'Рим'),
('P4','Винт', 'Красный', 14,'Лондон'),
('P5','Кулачок','Голубой',12,'Париж'),
('P6','Блюм','Красный',  19,'Лондон');

-- Projects (J)
INSERT INTO projects (project_no, name, city) VALUES
('J1','Сортировщик','Париж'),
('J2','Перфоратор','Рим'),
('J3','Сигнализатор','Афины'),
('J4','Консоль','Афины'),
('J5','Сортировочно-подборочная машина','Лондон'),
('J6','Терминал','Осло'),
('J7','Лента','Лондон');

-- Supplies (SPJ) — canonical SPJ sample rows from the screenshot
INSERT INTO supplies (supplier_no, part_no, project_no, qty) VALUES
('S1','P1','J1',200),
('S1','P1','J4',700),

('S2','P3','J1',400),
('S2','P3','J2',200),
('S2','P3','J3',200),
('S2','P3','J4',500),
('S2','P3','J5',600),
('S2','P3','J6',400),
('S2','P3','J7',800),
('S2','P5','J2',100),

('S3','P3','J1',200),
('S3','P4','J2',500),

('S4','P6','J3',300),
('S4','P6','J7',300),

('S5','P2','J2',200),
('S5','P2','J4',100),
('S5','P5','J5',500),
('S5','P5','J7',100),
('S5','P6','J2',200),
('S5','P1','J4',100),
('S5','P3','J4',200),
('S5','P4','J4',800),
('S5','P5','J4',400),
('S5','P6','J4',500);
